SYMBOL,NAME OF COMPANY
INDUSTOWER,Indus Towers Ltd (Bharti Infratel)
PAYTM,One 97 Communications Ltd
LICHSGFIN,Lic Housing Finance Limited
BANDHANBNK,Bandhan Bank Ltd
IDEA,Vodafone Idea Ltd
TECHM,Tech Mahindra Limited
NHPC,Nhpc Limited
PNBHOUSING,Pnb Housing Finance Limited
BAJAJHLDNG,Bajaj Holdings & Investment Limited
NESTLEIND,Nestle India Limited
HCLTECH,Hcl Technologies Limited
BLUESTARCO,Blue Star Limited
MARICO,Marico Limited
DRREDDY,Dr. Reddy's Laboratories Limited
ITC,Itc Limited
BHARTIARTL,Bharti Airtel Limited
SOLARINDS,Solar Industries India Limited
KPITTECH,KPIT Technologies Ltd
YESBANK,Yes Bank Limited
MANKIND,Mankind Pharma Ltd
OFSS,Oracle Financial Services Software Limited
COFORGE,Coforge (Niit Tech) Ltd
LAURUSLABS,Laurus Labs Limited
ZYDUSLIFE,Zydus Lifesciences Ltd
RBLBANK,Rbl Bank Limited
POLICYBZR,PB Fintech Ltd
ATHERENERG,Ather Energy Ltd
WIPRO,Wipro Limited
INFY,Infosys Limited
VBL,Varun Beverages Limited
GAIL,Gail (india) Limited
ONGC,Oil & Natural Gas Corporation Limited
AXISBANK,Axis Bank Limited
VOLTAS,Voltas Limited
PATANJALI,Patanjali Foods Ltd
PREMIERENE,Premier Energies Ltd
LUPIN,Lupin Limited
AUROPHARMA,Aurobindo Pharma Limited
SWIGGY,Swiggy Ltd
MAHABANK,Bank Of Maharashtra Ltd
APOLLOHOSP,Apollo Hospitals Enterprise Limited
POWERINDIA,Hitachi Energy India Ltd
TCS,Tata Consultancy Services Limited
PERSISTENT,Persistent Systems Limited
KFINTECH,KFin Technologies Ltd
GLENMARK,Glenmark Pharmaceuticals Limited
TVSMOTOR,Tvs Motor Company Limited
NTPC,Ntpc Limited
BOSCHLTD,Bosch Limited
MPHASIS,Mphasis Limited
KOTAKBANK,Kotak Mahindra Bank Limited
MOTHERSON,Samvardhana Motherson International Ltd
TORNTPHARM,Torrent Pharmaceuticals Limited
HINDUNILVR,Hindustan Unilever Limited
GODREJCP,Godrej Consumer Products Limited
TATAELXSI,Tata Elxsi Limited
MCX,Multi Commodity Exchange Of India Limited
TATAPOWER,Tata Power Company Limited
NYKAA,FSN E-Commerce Ventures Ltd
WAAREEENER,Waaree Energies Ltd
INDHOTEL,The Indian Hotels Company Limited
CROMPTON,Crompton Greaves Consumer Electricals Limited
ICICIBANK,Icici Bank Limited
COALINDIA,Coal India Limited
RECLTD,REC Ltd
BANKBARODA,Bank Of Baroda Ltd
OIL,Oil India Limited
TMPV,Tata Motors Passenger Vehicles Ltd
ABB,Abb India Limited
BEL,Bharat Electronics Limited
IDFCFIRSTB,IDFC First Bank Ltd
UPL,Upl Limited
PNB,Punjab National Bank Ltd
IOC,Indian Oil Corporation Limited
TITAN,Titan Company Limited
LICI,Life Insurance Corporation of India Ltd
ICICIGI,ICICI Lombard General Insurance Company Ltd
MFSL,Max Financial Services Limited
FEDERALBNK,The Federal Bank  Limited
BRITANNIA,Britannia Industries Limited
TATACONSUM,TATA Consumer Products Ltd
DABUR,Dabur India Limited
ADANIPORTS,Adani Ports And Special Economic Zone Limited
SUNPHARMA,Sun Pharmaceuticals Industries Limited
NAM-INDIA,Nippon Life India Asset Management Ltd
UNITDSPR,United Spirits Ltd
PETRONET,Petronet Lng Limited
DMART,Avenue Supermarts Ltd
COLPAL,Colgate Palmolive (india) Limited
BANKNIFTY,BANKNIFTY
NIFTY,NIFTY
SIEMENS,Siemens Limited
IRFC,Indian Railway Finance Corporation Ltd
CAMS,Computer Age Management Services Ltd
HYUNDAI,Hyundai Motor India Ltd
SBILIFE,SBI Life Insurance Company Ltd
CGPOWER,CG Power and Industrial Solutions Ltd
PFC,Power Finance Corporation Limited
GVT&D,GE Vernova T&D India Ltd
SONACOMS,Sona BLW Precision Forgings Ltd
BAJAJ-AUTO,Bajaj Auto Limited
M&M,Mahindra & Mahindra Limited
ETERNAL,Eternal Ltd
HDFCLIFE,HDFC Life Insurance Company Ltd
PIDILITIND,Pidilite Industries Limited
BHEL,Bharat Heavy Electricals Limited
HAL,Hindustan Aeronautics Ltd
POWERGRID,Power Grid Corporation Of India Limited
CANBK,Canara Bank Ltd
MAXHEALTH,Max Healthcare Institute Ltd
HDFCAMC,HDFC Asset Management Company Ltd
GODFRYPHLP,Godfrey Phillips India Limited
GRASIM,Grasim Industries Limited
TRENT,Trent Limited
SUZLON,Suzlon Energy Limited
JSWENERGY,Jsw Energy Limited
HAVELLS,Havells India Limited
ULTRACEMCO,Ultratech Cement Limited
ADANIENSOL,Adani Energy Solutions Ltd
VMM,Vishal Mega Mart Ltd
DIVISLAB,Divi's Laboratories Limited
HDFCBANK,Hdfc Bank Limited
UNIONBANK,Union Bank Of India Ltd
HEROMOTOCO,Hero Motocorp Limited
ANGELONE,Angel One Ltd
CONCOR,Container Corporation Of India Limited
MARUTI,Maruti Suzuki India Limited
EICHERMOT,Eicher Motors Limited
INDIANB,Indian Bank Ltd
ADANIGREEN,Adani Green Energy Ltd
PAGEIND,Page Industries Limited
PIIND,Pi Industries Limited
JUBLFOOD,Jubilant Foodworks Limited
AMBER,Amber Enterprises India Ltd
RVNL,Rail Vikas Nigam Ltd
BANKINDIA,Bank Of India Ltd
LT,Larsen & Toubro Limited
PGEL,Pg Electroplast Limited
KAYNES,Kaynes Technology India Ltd
INDIGO,Interglobe Aviation Limited
BIOCON,Biocon Limited
GMRAIRPORT,GMR Airports Ltd
NAUKRI,Info Edge (india) Limited
IREDA,Indian Renewable Energy Development Agency Ltd
ALKEM,Alkem Laboratories Limited
ICICIPRULI,Icici Prudential Life Insurance Company Limited
APLAPOLLO,Apl Apollo Tubes Limited
JIOFIN,Jio Financial Services Ltd
CIPLA,Cipla Limited
JSWSTEEL,Jsw Steel Limited
RELIANCE,Reliance Industries Limited
SBIN,State Bank Of India Ltd
BDL,Bharat Dynamics Ltd
MANAPPURAM,Manappuram Finance Limited
BAJAJFINSV,Bajaj Finserv Limited
INDUSINDBK,Indusind Bank Limited
ADANIPOWER,Adani Power Limited
RADICO,Radico Khaitan Limited
SHREECEM,Shree Cements Limited
FORTIS,Fortis Healthcare Limited
SHRIRAMFIN,Shriram Finance Ltd
SAGILITY,Sagility India Ltd
AMBUJACEM,Ambuja Cements Limited
BAJFINANCE,Bajaj Finance Limited
PHOENIXLTD,The Phoenix Mills Limited
POLYCAB,Polycab India Ltd
FORCEMOT,Force Motors Ltd
AUBANK,AU Small Finance Bank Ltd
ABCAPITAL,Aditya Birla Capital Ltd
UNOMINDA,Uno Minda Ltd
SAIL,Steel Authority Of India Limited
ADANIENT,Adani Enterprises Limited
MOTILALOFS,Motilal Oswal Financial Services Limited
BHARATFORG,Bharat Forge Limited
360ONE,360 ONE WAM Ltd
BPCL,Bharat Petroleum Corporation Limited
TIINDIA,Tube Investments of India Ltd
NMDC,Nmdc Limited
CUMMINSIND,Cummins India Limited
ASIANPAINT,Asian Paints Limited
LTM,LTIMindtree Ltd
SRF,Srf Limited
JINDALSTEL,Jindal Steel Ltd
NBCC,Nbcc (india) Limited
MAZDOCK,Mazagon Dock Shipbuilders Ltd
LTF,L&T Finance Ltd
CHOLAFIN,Cholamandalam Investment And Finance Company Limited
INOXWIND,Inox Wind Limited
CDSL,Central Depository Services Ltd
HINDPETRO,Hindustan Petroleum Corporation Limited
DELHIVERY,Delhivery Ltd
SBICARD,SBI Cards & Payment Services Ltd
VEDL,Vedanta Limited
SUPREMEIND,Supreme Industries Limited
TATASTEEL,Tata Steel Limited
ASHOKLEY,Ashok Leyland Limited
IEX,Indian Energy Exchange Ltd
HINDALCO,Hindalco Industries Limited
BSE,BSE (Bombay stock exchange) Ltd
HINDZINC,Hindustan Zinc Limited
MUTHOOTFIN,Muthoot Finance Limited
DIXON,Dixon Technologies Ltd
KALYANKJIL,Kalyan Jewellers India Ltd
ASTRAL,Astral Ltd
KEI,Kei Industries Limited
DLF,Dlf Limited
OBEROIRLTY,Oberoi Realty Limited
NATIONALUM,National Aluminium Company Limited
PRESTIGE,Prestige Estates Projects Limited
COCHINSHIP,Cochin Shipyard Ltd
GODREJPROP,Godrej Properties Limited
LODHA,Lodha Developers Ltd
