SYMBOL,NAME,LastPrice,MostProbablePrice,MostProbablePctMove,MedianPctMove,P5PctMove,P95PctMove,PeriodHighPctMove,PeriodLowPctMove,ProbOfThreshold,ProbCI_Lo,ProbCI_Hi,RankMetric
IREDA,Indian Renewable Energy Development Agency Limited,113.31999969482422,111.72698221584848,-1.4057690462987993,0.1306029564945299,-12.699549199865949,18.40005914155456,4.076557188530128,-3.8034284382985617,,,,1.4057690462987993
WAAREEENER,Waaree Energies Limited,2548.0,2518.5366435287824,-1.1563326715548494,0.1787781722126125,-12.996987613933943,16.489954544701483,3.7289700029697337,-3.591892957886472,,,,1.1563326715548494
KALYANKJIL,Kalyan Jewellers India Limited,615.2000122070312,621.5664926504335,1.0348635105780435,1.4815018785189649,-10.976291438791746,17.592528411212804,4.5402988898343155,-2.7749281194411446,,,,1.0348635105780435
BDL,Bharat Dynamics Limited,1195.0,1184.0129040414658,-0.91942225594428,1.252452202176224,-11.353780301045957,16.538017004513975,4.512180610819128,-2.9764532903507837,,,,0.91942225594428
UNOMINDA,UNO Minda Limited,1224.800048828125,1214.3033565556984,-0.8570127248500481,0.6809505631731327,-9.081345280724436,13.18336035452819,3.476788379631035,-2.7026604579230895,,,,0.8570127248500481
SAIL,Steel Authority of India Limited,183.75,184.89744018941843,0.6244572459420006,0.4543462874356363,-11.000397260704121,12.890428347469186,3.5433114864779625,-2.903349928007687,,,,0.6244572459420006
DIXON,Dixon Technologies (India) Limited,13500.0,13565.579085153611,0.4857710011378691,1.095630548570048,-10.413098474516199,13.899297220363072,3.847544097306632,-2.5078222002837824,,,,0.4857710011378691
PHOENIXLTD,The Phoenix Mills Limited,1890.0,1885.8795257441193,-0.21801451089316082,0.9652918626650631,-9.457184407391924,12.95668511817811,3.826699586244764,-2.6265834225037477,,,,0.21801451089316082
BAJAJHLDNG,Bajaj Holdings & Investment Limited,10992.0,11008.89062311035,0.15366287400244705,0.6201835630903929,-8.32718998157303,10.94637645287879,2.816480470402427,-2.2081307760067115,,,,0.15366287400244705
